image_name,tag
zapdos03.jpg,zapdos
zapdos17.jpg,zapdos
zapdos16.jpg,zapdos
zapdos02.jpg,zapdos
zapdos14.jpg,zapdos
zapdos28.jpg,zapdos
zapdos29.jpg,zapdos
zapdos01.jpg,zapdos
zapdos15.jpg,zapdos
zapdos11.jpg,zapdos
zapdos05.jpg,zapdos
zapdos04.jpg,zapdos
zapdos10.jpg,zapdos
zapdos06.jpg,zapdos
zapdos12.jpg,zapdos
zapdos13.jpg,zapdos
zapdos07.jpg,zapdos
zapdos22.jpg,zapdos
zapdos23.jpg,zapdos
zapdos21.jpg,zapdos
zapdos09.jpg,zapdos
zapdos08.jpg,zapdos
zapdos20.jpg,zapdos
zapdos18.jpg,zapdos
zapdos30.jpg,zapdos
zapdos24.jpg,zapdos
zapdos25.jpg,zapdos
zapdos19.jpg,zapdos
zapdos27.jpg,zapdos
zapdos26.jpg,zapdos
abra09.jpg,abra
abra21.jpg,abra
abra20.jpg,abra
abra08.jpg,abra
abra22.jpg,abra
abra23.jpg,abra
abra27.jpg,abra
abra26.jpg,abra
abra30.jpg,abra
abra24.jpg,abra
abra18.jpg,abra
abra19.jpg,abra
abra25.jpg,abra
abra28.jpg,abra
abra14.jpg,abra
abra01.jpg,abra
abra15.jpg,abra
abra29.jpg,abra
abra03.jpg,abra
abra17.jpg,abra
abra16.jpg,abra
abra02.jpg,abra
abra06.jpg,abra
abra12.jpg,abra
abra13.jpg,abra
abra07.jpg,abra
abra11.jpg,abra
abra05.jpg,abra
abra04.jpg,abra
abra10.jpg,abra
alakazam27.jpg,alakazam
alakazam26.jpg,alakazam
alakazam18.jpg,alakazam
alakazam24.jpg,alakazam
alakazam30.jpg,alakazam
alakazam25.jpg,alakazam
alakazam19.jpg,alakazam
alakazam21.jpg,alakazam
alakazam09.jpg,alakazam
alakazam08.jpg,alakazam
alakazam20.jpg,alakazam
alakazam22.jpg,alakazam
alakazam23.jpg,alakazam
alakazam12.jpg,alakazam
alakazam06.jpg,alakazam
alakazam07.jpg,alakazam
alakazam13.jpg,alakazam
alakazam05.jpg,alakazam
alakazam11.jpg,alakazam
alakazam10.jpg,alakazam
alakazam04.jpg,alakazam
alakazam14.jpg,alakazam
alakazam28.jpg,alakazam
alakazam29.jpg,alakazam
alakazam15.jpg,alakazam
alakazam01.jpg,alakazam
alakazam17.jpg,alakazam
alakazam03.jpg,alakazam
alakazam02.jpg,alakazam
alakazam16.jpg,alakazam
magikarp29.jpg,magikarp
magikarp01.jpg,magikarp
magikarp15.jpg,magikarp
magikarp14.jpg,magikarp
magikarp28.jpg,magikarp
magikarp16.jpg,magikarp
magikarp02.jpg,magikarp
magikarp03.jpg,magikarp
magikarp17.jpg,magikarp
magikarp13.jpg,magikarp
magikarp07.jpg,magikarp
magikarp06.jpg,magikarp
magikarp12.jpg,magikarp
magikarp04.jpg,magikarp
magikarp10.jpg,magikarp
magikarp11.jpg,magikarp
magikarp05.jpg,magikarp
magikarp08.jpg,magikarp
magikarp20.jpg,magikarp
magikarp21.jpg,magikarp
magikarp09.jpg,magikarp
magikarp23.jpg,magikarp
magikarp22.jpg,magikarp
magikarp26.jpg,magikarp
magikarp27.jpg,magikarp
magikarp25.jpg,magikarp
magikarp19.jpg,magikarp
magikarp18.jpg,magikarp
magikarp30.jpg,magikarp
magikarp24.jpg,magikarp
venusaur27.jpg,venusaur
venusaur26.jpg,venusaur
venusaur18.jpg,venusaur
venusaur24.jpg,venusaur
venusaur30.jpg,venusaur
venusaur25.jpg,venusaur
venusaur19.jpg,venusaur
venusaur21.jpg,venusaur
venusaur09.jpg,venusaur
venusaur08.jpg,venusaur
venusaur20.jpg,venusaur
venusaur22.jpg,venusaur
venusaur23.jpg,venusaur
venusaur12.jpg,venusaur
venusaur06.jpg,venusaur
venusaur07.jpg,venusaur
venusaur13.jpg,venusaur
venusaur05.jpg,venusaur
venusaur11.jpg,venusaur
venusaur10.jpg,venusaur
venusaur04.jpg,venusaur
venusaur14.jpg,venusaur
venusaur28.jpg,venusaur
venusaur29.jpg,venusaur
venusaur15.jpg,venusaur
venusaur01.jpg,venusaur
venusaur17.jpg,venusaur
venusaur03.jpg,venusaur
venusaur02.jpg,venusaur
venusaur16.jpg,venusaur
charmeleon01.jpg,charmeleon
charmeleon15.jpg,charmeleon
charmeleon29.jpg,charmeleon
charmeleon28.jpg,charmeleon
charmeleon14.jpg,charmeleon
charmeleon16.jpg,charmeleon
charmeleon02.jpg,charmeleon
charmeleon03.jpg,charmeleon
charmeleon17.jpg,charmeleon
charmeleon13.jpg,charmeleon
charmeleon07.jpg,charmeleon
charmeleon06.jpg,charmeleon
charmeleon12.jpg,charmeleon
charmeleon04.jpg,charmeleon
charmeleon10.jpg,charmeleon
charmeleon11.jpg,charmeleon
charmeleon05.jpg,charmeleon
charmeleon20.jpg,charmeleon
charmeleon08.jpg,charmeleon
charmeleon09.jpg,charmeleon
charmeleon21.jpg,charmeleon
charmeleon23.jpg,charmeleon
charmeleon22.jpg,charmeleon
charmeleon26.jpg,charmeleon
charmeleon27.jpg,charmeleon
charmeleon19.jpg,charmeleon
charmeleon25.jpg,charmeleon
charmeleon30.jpg,charmeleon
charmeleon24.jpg,charmeleon
charmeleon18.jpg,charmeleon
articuno27.jpg,articuno
articuno26.jpg,articuno
articuno18.jpg,articuno
articuno24.jpg,articuno
articuno30.jpg,articuno
articuno25.jpg,articuno
articuno19.jpg,articuno
articuno21.jpg,articuno
articuno09.jpg,articuno
articuno08.jpg,articuno
articuno20.jpg,articuno
articuno22.jpg,articuno
articuno23.jpg,articuno
articuno12.jpg,articuno
articuno06.jpg,articuno
articuno07.jpg,articuno
articuno13.jpg,articuno
articuno05.jpg,articuno
articuno11.jpg,articuno
articuno10.jpg,articuno
articuno04.jpg,articuno
articuno14.jpg,articuno
articuno28.jpg,articuno
articuno29.jpg,articuno
articuno15.jpg,articuno
articuno01.jpg,articuno
articuno17.jpg,articuno
articuno03.jpg,articuno
articuno02.jpg,articuno
articuno16.jpg,articuno
gengar02.jpg,gengar
gengar16.jpg,gengar
gengar17.jpg,gengar
gengar03.jpg,gengar
gengar29.jpg,gengar
gengar15.jpg,gengar
gengar01.jpg,gengar
gengar14.jpg,gengar
gengar28.jpg,gengar
gengar10.jpg,gengar
gengar04.jpg,gengar
gengar05.jpg,gengar
gengar11.jpg,gengar
gengar07.jpg,gengar
gengar13.jpg,gengar
gengar12.jpg,gengar
gengar06.jpg,gengar
gengar23.jpg,gengar
gengar22.jpg,gengar
gengar08.jpg,gengar
gengar20.jpg,gengar
gengar21.jpg,gengar
gengar09.jpg,gengar
gengar25.jpg,gengar
gengar19.jpg,gengar
gengar18.jpg,gengar
gengar24.jpg,gengar
gengar30.jpg,gengar
gengar26.jpg,gengar
gengar27.jpg,gengar
squirtle11.jpg,squirtle
squirtle05.jpg,squirtle
squirtle04.jpg,squirtle
squirtle10.jpg,squirtle
squirtle06.jpg,squirtle
squirtle12.jpg,squirtle
squirtle13.jpg,squirtle
squirtle07.jpg,squirtle
squirtle03.jpg,squirtle
squirtle17.jpg,squirtle
squirtle16.jpg,squirtle
squirtle02.jpg,squirtle
squirtle28.jpg,squirtle
squirtle14.jpg,squirtle
squirtle01.jpg,squirtle
squirtle15.jpg,squirtle
squirtle29.jpg,squirtle
squirtle30.jpg,squirtle
squirtle24.jpg,squirtle
squirtle18.jpg,squirtle
squirtle19.jpg,squirtle
squirtle25.jpg,squirtle
squirtle27.jpg,squirtle
squirtle26.jpg,squirtle
squirtle22.jpg,squirtle
squirtle23.jpg,squirtle
squirtle09.jpg,squirtle
squirtle21.jpg,squirtle
squirtle20.jpg,squirtle
squirtle08.jpg,squirtle
pikachu16.jpg,pikachu
pikachu02.jpg,pikachu
pikachu03.jpg,pikachu
pikachu17.jpg,pikachu
pikachu01.jpg,pikachu
pikachu15.jpg,pikachu
pikachu29.jpg,pikachu
pikachu28.jpg,pikachu
pikachu14.jpg,pikachu
pikachu04.jpg,pikachu
pikachu10.jpg,pikachu
pikachu11.jpg,pikachu
pikachu05.jpg,pikachu
pikachu13.jpg,pikachu
pikachu07.jpg,pikachu
pikachu06.jpg,pikachu
pikachu12.jpg,pikachu
pikachu23.jpg,pikachu
pikachu22.jpg,pikachu
pikachu20.jpg,pikachu
pikachu08.jpg,pikachu
pikachu09.jpg,pikachu
pikachu21.jpg,pikachu
pikachu19.jpg,pikachu
pikachu25.jpg,pikachu
pikachu30.jpg,pikachu
pikachu24.jpg,pikachu
pikachu18.jpg,pikachu
pikachu26.jpg,pikachu
pikachu27.jpg,pikachu
charmander28.jpg,charmander
charmander14.jpg,charmander
charmander01.jpg,charmander
charmander15.jpg,charmander
charmander29.jpg,charmander
charmander03.jpg,charmander
charmander17.jpg,charmander
charmander16.jpg,charmander
charmander02.jpg,charmander
charmander06.jpg,charmander
charmander12.jpg,charmander
charmander13.jpg,charmander
charmander07.jpg,charmander
charmander11.jpg,charmander
charmander05.jpg,charmander
charmander04.jpg,charmander
charmander10.jpg,charmander
charmander09.jpg,charmander
charmander21.jpg,charmander
charmander20.jpg,charmander
charmander08.jpg,charmander
charmander22.jpg,charmander
charmander23.jpg,charmander
charmander27.jpg,charmander
charmander26.jpg,charmander
charmander30.jpg,charmander
charmander24.jpg,charmander
charmander18.jpg,charmander
charmander19.jpg,charmander
charmander25.jpg,charmander
ivysaur05.jpg,ivysaur
ivysaur11.jpg,ivysaur
ivysaur10.jpg,ivysaur
ivysaur04.jpg,ivysaur
ivysaur12.jpg,ivysaur
ivysaur06.jpg,ivysaur
ivysaur07.jpg,ivysaur
ivysaur13.jpg,ivysaur
ivysaur17.jpg,ivysaur
ivysaur03.jpg,ivysaur
ivysaur02.jpg,ivysaur
ivysaur16.jpg,ivysaur
ivysaur14.jpg,ivysaur
ivysaur28.jpg,ivysaur
ivysaur29.jpg,ivysaur
ivysaur15.jpg,ivysaur
ivysaur01.jpg,ivysaur
ivysaur18.jpg,ivysaur
ivysaur24.jpg,ivysaur
ivysaur30.jpg,ivysaur
ivysaur25.jpg,ivysaur
ivysaur19.jpg,ivysaur
ivysaur27.jpg,ivysaur
ivysaur26.jpg,ivysaur
ivysaur22.jpg,ivysaur
ivysaur23.jpg,ivysaur
ivysaur21.jpg,ivysaur
ivysaur09.jpg,ivysaur
ivysaur08.jpg,ivysaur
ivysaur20.jpg,ivysaur
mewtwo23.jpg,mewtwo
mewtwo22.jpg,mewtwo
mewtwo08.jpg,mewtwo
mewtwo20.jpg,mewtwo
mewtwo21.jpg,mewtwo
mewtwo09.jpg,mewtwo
mewtwo25.jpg,mewtwo
mewtwo19.jpg,mewtwo
mewtwo18.jpg,mewtwo
mewtwo30.jpg,mewtwo
mewtwo24.jpg,mewtwo
mewtwo26.jpg,mewtwo
mewtwo27.jpg,mewtwo
mewtwo16.jpg,mewtwo
mewtwo02.jpg,mewtwo
mewtwo03.jpg,mewtwo
mewtwo17.jpg,mewtwo
mewtwo29.jpg,mewtwo
mewtwo01.jpg,mewtwo
mewtwo15.jpg,mewtwo
mewtwo14.jpg,mewtwo
mewtwo28.jpg,mewtwo
mewtwo04.jpg,mewtwo
mewtwo10.jpg,mewtwo
mewtwo11.jpg,mewtwo
mewtwo05.jpg,mewtwo
mewtwo13.jpg,mewtwo
mewtwo07.jpg,mewtwo
mewtwo06.jpg,mewtwo
mewtwo12.jpg,mewtwo
blastoise12.jpg,blastoise
blastoise06.jpg,blastoise
blastoise07.jpg,blastoise
blastoise13.jpg,blastoise
blastoise05.jpg,blastoise
blastoise11.jpg,blastoise
blastoise10.jpg,blastoise
blastoise04.jpg,blastoise
blastoise28.jpg,blastoise
blastoise14.jpg,blastoise
blastoise15.jpg,blastoise
blastoise01.jpg,blastoise
blastoise29.jpg,blastoise
blastoise17.jpg,blastoise
blastoise03.jpg,blastoise
blastoise02.jpg,blastoise
blastoise16.jpg,blastoise
blastoise27.jpg,blastoise
blastoise26.jpg,blastoise
blastoise24.jpg,blastoise
blastoise30.jpg,blastoise
blastoise18.jpg,blastoise
blastoise19.jpg,blastoise
blastoise25.jpg,blastoise
blastoise09.jpg,blastoise
blastoise21.jpg,blastoise
blastoise20.jpg,blastoise
blastoise08.jpg,blastoise
blastoise22.jpg,blastoise
blastoise23.jpg,blastoise
moltres10.jpg,moltres
moltres04.jpg,moltres
moltres05.jpg,moltres
moltres11.jpg,moltres
moltres07.jpg,moltres
moltres13.jpg,moltres
moltres12.jpg,moltres
moltres06.jpg,moltres
moltres02.jpg,moltres
moltres16.jpg,moltres
moltres17.jpg,moltres
moltres03.jpg,moltres
moltres15.jpg,moltres
moltres01.jpg,moltres
moltres29.jpg,moltres
moltres28.jpg,moltres
moltres14.jpg,moltres
moltres19.jpg,moltres
moltres25.jpg,moltres
moltres24.jpg,moltres
moltres30.jpg,moltres
moltres18.jpg,moltres
moltres26.jpg,moltres
moltres27.jpg,moltres
moltres23.jpg,moltres
moltres22.jpg,moltres
moltres20.jpg,moltres
moltres08.jpg,moltres
moltres09.jpg,moltres
moltres21.jpg,moltres
bulbasaur22.jpg,bulbasaur
bulbasaur23.jpg,bulbasaur
bulbasaur21.jpg,bulbasaur
bulbasaur09.jpg,bulbasaur
bulbasaur08.jpg,bulbasaur
bulbasaur20.jpg,bulbasaur
bulbasaur18.jpg,bulbasaur
bulbasaur24.jpg,bulbasaur
bulbasaur30.jpg,bulbasaur
bulbasaur25.jpg,bulbasaur
bulbasaur19.jpg,bulbasaur
bulbasaur27.jpg,bulbasaur
bulbasaur26.jpg,bulbasaur
bulbasaur17.jpg,bulbasaur
bulbasaur03.jpg,bulbasaur
bulbasaur02.jpg,bulbasaur
bulbasaur16.jpg,bulbasaur
bulbasaur14.jpg,bulbasaur
bulbasaur28.jpg,bulbasaur
bulbasaur29.jpg,bulbasaur
bulbasaur15.jpg,bulbasaur
bulbasaur01.jpg,bulbasaur
bulbasaur05.jpg,bulbasaur
bulbasaur11.jpg,bulbasaur
bulbasaur10.jpg,bulbasaur
bulbasaur04.jpg,bulbasaur
bulbasaur12.jpg,bulbasaur
bulbasaur06.jpg,bulbasaur
bulbasaur07.jpg,bulbasaur
bulbasaur13.jpg,bulbasaur
meowth29.jpg,meowth
meowth01.jpg,meowth
meowth15.jpg,meowth
meowth14.jpg,meowth
meowth28.jpg,meowth
meowth16.jpg,meowth
meowth02.jpg,meowth
meowth03.jpg,meowth
meowth17.jpg,meowth
meowth13.jpg,meowth
meowth07.jpg,meowth
meowth06.jpg,meowth
meowth12.jpg,meowth
meowth04.jpg,meowth
meowth10.jpg,meowth
meowth11.jpg,meowth
meowth05.jpg,meowth
meowth08.jpg,meowth
meowth20.jpg,meowth
meowth21.jpg,meowth
meowth09.jpg,meowth
meowth23.jpg,meowth
meowth22.jpg,meowth
meowth26.jpg,meowth
meowth27.jpg,meowth
meowth25.jpg,meowth
meowth19.jpg,meowth
meowth18.jpg,meowth
meowth30.jpg,meowth
meowth24.jpg,meowth
wartortle27.jpg,wartortle
wartortle26.jpg,wartortle
wartortle30.jpg,wartortle
wartortle24.jpg,wartortle
wartortle25.jpg,wartortle
wartortle19.jpg,wartortle
wartortle21.jpg,wartortle
wartortle09.jpg,wartortle
wartortle08.jpg,wartortle
wartortle20.jpg,wartortle
wartortlae18.jpg,wartortle
wartortle22.jpg,wartortle
wartortle23.jpg,wartortle
wartortle06.jpg,wartortle
wartortle12.jpg,wartortle
wartortle13.jpg,wartortle
wartortle07.jpg,wartortle
wartortle11.jpg,wartortle
wartortle05.jpg,wartortle
wartortle04.jpg,wartortle
wartortle10.jpg,wartortle
wartortle14.jpg,wartortle
wartortle28.jpg,wartortle
wartortle29.jpg,wartortle
wartortle01.jpg,wartortle
wartortle15.jpg,wartortle
wartortle03.jpg,wartortle
wartortle17.jpg,wartortle
wartortle16.jpg,wartortle
wartortle02.jpg,wartortle
mew25.jpg,mew
mew19.jpg,mew
mew18.jpg,mew
mew24.jpg,mew
mew30.jpg,mew
mew26.jpg,mew
mew27.jpg,mew
mew23.jpg,mew
mew22.jpg,mew
mew08.jpg,mew
mew20.jpg,mew
mew21.jpg,mew
mew09.jpg,mew
mew10.jpg,mew
mew04.jpg,mew
mew05.jpg,mew
mew11.jpg,mew
mew07.jpg,mew
mew13.jpg,mew
mew12.jpg,mew
mew06.jpg,mew
mew02.jpg,mew
mew16.jpg,mew
mew17.jpg,mew
mew03.jpg,mew
mew29.jpg,mew
mew15.jpg,mew
mew01.jpg,mew
mew14.jpg,mew
mew28.jpg,mew
charizard23.jpg,charizard
charizard22.jpg,charizard
charizard20.jpg,charizard
charizard08.jpg,charizard
charizard09.jpg,charizard
charizard21.jpg,charizard
charizard19.jpg,charizard
charizard25.jpg,charizard
charizard24.jpg,charizard
charizard30.jpg,charizard
charizard18.jpg,charizard
charizard26.jpg,charizard
charizard27.jpg,charizard
charizard02.jpg,charizard
charizard16.jpg,charizard
charizard17.jpg,charizard
charizard03.jpg,charizard
charizard15.jpg,charizard
charizard01.jpg,charizard
charizard29.jpg,charizard
charizard28.jpg,charizard
charizard14.jpg,charizard
charizard10.jpg,charizard
charizard04.jpg,charizard
charizard05.jpg,charizard
charizard11.jpg,charizard
charizard07.jpg,charizard
charizard13.jpg,charizard
charizard12.jpg,charizard
charizard06.jpg,charizard
